{
  "entries": [
    {
      "intent": "puk_code",
      "keywords": ["puk", "puk code", "sim locked", "phone locked", "blocked sim"],
      "response": "For PUK code assistance:\n1. Dial *126*5# to retrieve your PUK code\n2. Visit any Mascom shop with your ID for help\n3. Call customer care at 12345\n\nNever share your PUK code with others for security reasons.",
      "follow_up": {
        "questions": ["What if I don't have my ID?", "How many attempts do I have?", "PUK not working"],
        "responses": [
          "Without ID, we can't provide PUK code for security reasons. Please visit a shop with your identification.",
          "You have 10 attempts to enter the correct PUK before your SIM is permanently blocked.",
          "If your PUK isn't working, please visit a Mascom shop immediately with your ID for assistance."
        ]
      }
    },
    {
      "intent": "airtime_purchase",
      "keywords": ["buy airtime", "top up", "load airtime", "recharge"],
      "response": "To buy airtime:\n1. Dial *124*Amount# (e.g. *124*10# for P10)\n2. Use Mascom Money: Dial *123#\n3. Bank app transfers\n4. Retailers and ATMs\n\nAirtime is available in denominations from P5 to P200.",
      "follow_up": {
        "questions": ["Bank transfer not received", "Airtime bonus", "Share airtime"],
        "responses": [
          "Bank transfers may take 5-10 minutes. If not received after 30 minutes, call 12345 with your transaction details.",
          "You get 10% bonus on airtime purchases above P50 via *124# or Mascom Money.",
          "To share airtime: Dial *124*RecipientNumber*Amount# (e.g. *124*71234567*10#)"
        ]
      }
    },
    {
      "intent": "data_purchase",
      "keywords": ["data bundle", "buy data", "internet bundle", "mobile data"],
      "response": "Data bundle options:\n1. Daily: 100MB @ P5\n2. Weekly: 500MB @ P25\n3. Monthly: 2GB @ P99\n\nPurchase by dialing *141# or via Mascom App.\nCheck balance: *140#",
      "follow_up": {
        "questions": ["Night data", "Data not working", "Best bundle for streaming"],
        "responses": [
          "Night data (12AM-5AM): 1GB for P10, dial *141# to purchase",
          "If data isn't working:\n1. Check balance\n2. Restart phone\n3. Ensure APN is 'mascom'\nStill issues? Dial 12345",
          "For streaming we recommend:\n- Video Bundle: 1GB video data @ P49\n- Monthly 10GB @ P299"
        ]
      }
    },
    {
      "intent": "balance_check",
      "keywords": ["balance", "check balance", "airtime balance", "data balance"],
      "response": "Balance check options:\n1. Airtime: *123#\n2. Data: *140#\n3. Bonus: *126#\n4. MyZaka: *155#\n\nExpiry dates shown after each balance check.",
      "follow_up": {
        "questions": ["Balance discrepancy", "Data expiry", "Bonus airtime"],
        "responses": [
          "If balance doesn't match:\n1. Check transaction history via *123#\n2. Call 12345 with details",
          "Data expiry:\n- Daily: 24hrs\n- Weekly: 7 days\n- Monthly: 30 days",
          "Bonus airtime expires after 30 days. Use *126# to check bonus balance."
        ]
      }
    },
    {
      "intent": "myzaka",
      "keywords": ["myzaka", "mobile money", "send money", "cash out"],
      "response": "MyZaka services:\n1. Register: Dial *155#\n2. Send money: *155*Amount*Number#\n3. Cash out: Visit agents\n4. Pay bills: *155*5#\n\nCustomer care: 15555",
      "follow_up": {
        "questions": ["Transaction failed", "PIN reset", "Agent locations"],
        "responses": [
          "Failed transactions usually reverse in 1 hour. If not, call 15555 with transaction ID.",
          "PIN reset:\n1. Dial *155#\n2. Select 'Forgot PIN'\n3. Follow prompts with ID",
          "Find agents:\n1. Dial *155*8#\n2. Use Mascom App\n3. Visit mascom.bw/agents"
        ]
      }
    },
    {
      "intent": "sim_registration",
      "keywords": ["sim registration", "register sim", "new sim", "sim swap"],
      "response": "SIM registration requirements:\n1. Valid ID (Omang/Passport)\n2. Proof of address\n3. Visit any Mascom shop\n\nSIM swap (lost/stolen):\n1. Call 12345 to block\n2. Visit shop with ID\n3. New SIM costs P10",
      "follow_up": {
        "questions": ["Without proof of address", "Foreigners registration", "Swap time"],
        "responses": [
          "Without proof of address:\n1. Affidavit from court\n2. Letter from local authority",
          "Foreign nationals need:\n1. Passport\n2. Work permit/residence permit",
          "SIM swap takes 1 hour to activate. Old SIM becomes invalid immediately."
        ]
      }
    },
    {
      "intent": "mascom_app",
      "keywords": ["mascom app", "mobile app", "app download", "app problems"],
      "response": "Mascom App features:\n1. Buy airtime/data\n2. MyZaka services\n3. Usage history\n\nDownload:\n- Android: Play Store\n- iOS: App Store\n\nTroubleshooting:\n1. Update app\n2. Clear cache\n3. Reinstall",
      "follow_up": {
        "questions": ["Login issues", "App not working", "Features"],
        "responses": [
          "Login problems:\n1. Ensure correct number\n2. Use OTP option\n3. Call 12345 if blocked",
          "If app crashes:\n1. Check phone compatibility\n2. Ensure stable internet\n3. Try web version at my.mascom.bw",
          "Key features:\n- Data usage monitor\n- Airtime transfer\n- Bill payments\n- Customer support"
        ]
      }
    },
    {
      "intent": "premium_sms",
      "keywords": ["premium sms", "stop sms", "unsubscribe", "sms charges"],
      "response": "To unsubscribe from premium SMS:\n1. Reply with STOP to the service number\n2. Dial *123*9# to block all premium services\n3. Call 12345 for assistance\n\nCheck subscriptions: *123*8#",
      "follow_up": {
        "questions": ["Still receiving messages", "Refund for unauthorized", "Service providers"],
        "responses": [
          "If still receiving messages after 24 hours:\n1. Contact 12345\n2. Provide message details",
          "For unauthorized charges:\n1. Call 12345\n2. Request refund\n3. Block future charges",
          "Major providers:\n1. MyZaka Alerts\n2. Weather updates\n3. Sports scores"
        ]
      }
    },
    {
      "intent": "network_issues",
      "keywords": ["poor network", "no signal", "call drops", "slow internet"],
      "response": "To report network issues:\n1. Note location/time\n2. Dial 12345 or 0800 12345 (toll-free)\n3. Use Mascom App reporting tool\n\nTroubleshooting:\n1. Restart phone\n2. Check network settings\n3. Try another location",
      "follow_up": {
        "questions": ["Outage in my area", "When will it be fixed", "Compensation"],
        "responses": [
          "Check current outages:\n1. mascom.bw/network-status\n2. Social media updates",
          "Most issues resolved within 4 hours. Major outages may take 24 hours.",
          "For prolonged outages:\n1. Data/airtime compensation\n2. Contact 12345 with details"
        ]
      }
    },
    {
      "intent": "roaming",
      "keywords": ["roaming", "international", "travel", "abroad"],
      "response": "Roaming services:\n1. Activate: Dial *143*6#\n2. Rates:\n   - SADC: P5/min call\n   - Data: P10/MB\n3. Bundles available\n\nCheck full rates: mascom.bw/roaming",
      "follow_up": {
        "questions": ["Cheaper options", "Emergency numbers", "Data roaming"],
        "responses": [
          "Save costs:\n1. Buy roaming bundles before travel\n2. Use WiFi calling\n3. Local SIM for long stays",
          "Emergency roaming:\n1. 112 works worldwide\n2. Mascom SOS: +267 12345",
          "Data roaming tips:\n1. Turn off auto-updates\n2. Use P10/MB pack\n3. Monitor via *140#"
        ]
      }
    },
    {
      "intent": "device_settings",
      "keywords": ["apn", "volte", "4g", "internet settings", "mms"],
      "response": "Device configuration:\n\nAPN Settings:\nName: Mascom\nAPN: mascom\nNo username/password\n\nTo enable 4G/VoLTE:\n1. Check phone compatibility\n2. Dial *143*5# for settings\n3. Restart phone\n\nFull guide: mascom.bw/settings",
      "follow_up": {
        "questions": ["Settings not saving", "Phone not supporting", "MMS setup"],
        "responses": [
          "If settings reset:\n1. Check for carrier updates\n2. Manually save settings\n3. Contact device manufacturer",
          "For incompatible devices:\n1. Consider upgrade\n2. Use 3G network\n3. Check mascom.bw/compatible-devices",
          "MMS setup:\nAPN: mascom\nMMSC: http://mms.mascom.bw\nPort: 8080\nProxy: 196.11.240.241"
        ]
      }
    },
    {
      "intent": "airtime_protection",
      "keywords": ["protect airtime", "stop data usage", "data saver", "airtime theft"],
      "response": "To protect airtime from data usage:\n1. Dial *143*3# to disable mobile data\n2. Set data limits in phone settings\n3. Use Data Lock: Dial *143*4#\n\nFor unauthorized deductions:\n1. Call 12345 immediately\n2. Request airtime protection service",
      "follow_up": {
        "questions": ["Still losing airtime", "Allow specific apps", "Data lock issues"],
        "responses": [
          "If still losing airtime:\n1. Check for background apps\n2. Disable app auto-updates\n3. Reset network settings",
          "To allow specific apps only:\n1. Android: App data restrictions\n2. iOS: Cellular data settings",
          "If Data Lock fails:\n1. Update carrier settings\n2. Re-enable service\n3. Visit Mascom shop"
        ]
      }
    },
    {
      "intent": "customer_care",
      "keywords": ["contact support", "customer service", "help", "complaint"],
      "response": "Mascom customer care options:\n1. Call 12345 (24/7)\n2. Visit any Mascom shop\n3. WhatsApp: +267 71 234 567\n4. Email: help@mascom.bw\n5. Twitter: @MascomBotswana\n\nAverage response time: 5 minutes for calls, 30 minutes for digital channels.",
      "follow_up": {
        "questions": ["Emergency support", "Social media", "Shop locations"],
        "responses": [
          "For emergencies:\n1. Call 112\n2. Mascom SOS: *911#",
          "Connect with us:\nFacebook: MascomBotswana\nTwitter: @MascomBotswana\nInstagram: @MascomBW",
          "Find nearest shop:\n1. Dial *123*0#\n2. Visit mascom.bw/locations\n3. Use Mascom App"
        ]
      }
    }
  ],
  "greetings": ["hello", "hi", "hey", "good morning", "good afternoon", "good evening", "greetings"],
  "farewells": ["bye", "goodbye", "see you", "thanks", "thank you", "exit", "quit", "that's all"]
}